,Daily Time Spent on Site,Age,Area Income,Daily Internet Usage,Ad Topic Line,City,Male,Country,Timestamp,Clicked on Ad,Click_labeled,Topic
0,68.95,35,61833.9,256.09,Cloned 5thgeneration orchestration,Wrightburgh,0,Tunisia,2016-03-27 00:53:11,0,No Click,1
1,80.23,31,68441.85,193.77,Monitored national standardization,West Jodi,1,Nauru,2016-04-04 01:39:02,0,No Click,1
2,69.47,26,59785.94,236.5,Organic bottom-line service-desk,Davidton,0,San Marino,2016-03-13 20:35:42,0,No Click,3
3,74.15,29,54806.18,245.89,Triple-buffered reciprocal time-frame,West Terrifurt,1,Italy,2016-01-10 02:31:19,0,No Click,1
4,68.37,35,73889.99,225.58,Robust logistical utilization,South Manuel,0,Iceland,2016-06-03 03:36:18,0,No Click,3
5,59.99,23,59761.56,226.74,Sharable client-driven software,Jamieberg,1,Norway,2016-05-19 14:30:17,0,No Click,1
6,88.91,33,53852.85,208.36,Enhanced dedicated support,Brandonstad,0,Myanmar,2016-01-28 20:59:32,0,No Click,1
7,66.0,48,24593.33,131.76,Reactive local challenge,Port Jefferybury,1,Australia,2016-03-07 01:40:15,1,Click,1
8,74.53,30,68862.0,221.51,Configurable coherent function,West Colin,1,Grenada,2016-04-18 09:33:42,0,No Click,1
9,69.88,20,55642.32,183.82,Mandatory homogeneous architecture,Ramirezton,1,Ghana,2016-07-11 01:42:51,0,No Click,1
10,47.64,49,45632.51,122.02,Centralized neutral neural-net,West Brandonton,0,Qatar,2016-03-16 20:19:01,1,Click,2
11,83.07,37,62491.01,230.87,Team-oriented grid-enabled Local Area Network,East Theresashire,1,Burundi,2016-05-08 08:10:10,0,No Click,1
12,69.57,48,51636.92,113.12,Centralized content-based focus group,West Katiefurt,1,Egypt,2016-06-03 01:14:41,1,Click,1
13,79.52,24,51739.63,214.23,Synergistic fresh-thinking array,North Tara,0,Bosnia and Herzegovina,2016-04-20 21:49:22,0,No Click,3
14,42.95,33,30976.0,143.56,Grass-roots coherent extranet,West William,0,Barbados,2016-03-24 09:31:49,1,Click,1
15,63.45,23,52182.23,140.64,Persistent demand-driven interface,New Travistown,1,Spain,2016-03-09 03:41:30,1,Click,1
16,55.39,37,23936.86,129.41,Customizable multi-tasking website,West Dylanberg,0,Palestinian Territory,2016-01-30 19:20:41,1,Click,2
17,82.03,41,71511.08,187.53,Intuitive dynamic attitude,Pruittmouth,0,Afghanistan,2016-05-02 07:00:58,0,No Click,1
18,54.7,36,31087.54,118.39,Grass-roots solution-oriented conglomeration,Jessicastad,1,British Indian Ocean Territory (Chagos Archipelago),2016-02-13 07:53:55,1,Click,1
19,74.58,40,23821.72,135.51,Advanced 24/7 productivity,Millertown,1,Russian Federation,2016-02-27 04:43:07,1,Click,1
20,77.22,30,64802.33,224.44,Object-based reciprocal knowledgebase,Port Jacqueline,1,Cameroon,2016-01-05 07:52:48,0,No Click,1
21,84.59,35,60015.57,226.54,Streamlined non-volatile analyzer,Lake Nicole,1,Cameroon,2016-03-18 13:22:35,0,No Click,3
22,41.49,52,32635.7,164.83,Mandatory disintermediate utilization,South John,0,Burundi,2016-05-20 08:49:33,1,Click,1
23,87.29,36,61628.72,209.93,Future-proofed methodical protocol,Pamelamouth,1,Korea,2016-03-23 09:43:43,0,No Click,1
24,41.39,41,68962.32,167.22,Exclusive neutral parallelism,Harperborough,0,Tokelau,2016-06-13 17:27:09,1,Click,1
25,78.74,28,64828.0,204.79,Public-key foreground groupware,Port Danielleberg,1,Monaco,2016-05-27 15:25:52,0,No Click,1
26,48.53,28,38067.08,134.14,Ameliorated client-driven forecast,West Jeremyside,1,Tuvalu,2016-02-08 10:46:14,1,Click,1
27,51.95,52,58295.82,129.23,Monitored systematic hierarchy,South Cathyfurt,0,Greece,2016-07-19 08:32:10,1,Click,1
28,70.2,34,32708.94,119.2,Open-architected impactful productivity,Palmerside,0,British Virgin Islands,2016-04-14 05:08:35,1,Click,1
29,76.02,22,46179.97,209.82,Business-focused value-added definition,West Guybury,0,Bouvet Island (Bouvetoya),2016-01-27 12:38:16,0,No Click,1
30,67.64,35,51473.28,267.01,Programmable asymmetric data-warehouse,Phelpschester,1,Peru,2016-07-02 20:23:15,0,No Click,2
31,86.41,28,45593.93,207.48,Digitized static capability,Lake Melindamouth,1,Aruba,2016-03-01 22:13:37,0,No Click,1
32,59.05,57,25583.29,169.23,Digitized global capability,North Richardburgh,1,Maldives,2016-07-15 05:05:14,1,Click,1
33,55.6,23,30227.98,212.58,Multi-layered 4thgeneration knowledge user,Port Cassie,0,Senegal,2016-01-14 14:00:09,1,Click,2
34,57.64,57,45580.92,133.81,Synchronized dedicated service-desk,New Thomas,1,Dominica,2016-03-15 03:12:25,1,Click,3
35,84.37,30,61389.5,201.58,Synchronized systemic hierarchy,Johnstad,0,Luxembourg,2016-04-12 03:26:39,0,No Click,2
36,62.26,53,56770.79,125.45,Profound stable product,West Aprilport,1,Montenegro,2016-04-07 15:18:10,1,Click,2
37,65.82,39,76435.3,221.94,Reactive demand-driven capacity,Kellytown,0,Ukraine,2016-02-09 05:28:18,0,No Click,1
38,50.43,46,57425.87,119.32,Persevering needs-based open architecture,Charlesport,1,Saint Helena,2016-05-07 17:11:49,1,Click,1
39,38.93,39,27508.41,162.08,Intuitive exuding service-desk,Millerchester,0,Liberia,2016-03-11 06:49:10,1,Click,3
40,84.98,29,57691.95,202.61,Innovative user-facing extranet,Mackenziemouth,0,Russian Federation,2016-04-27 09:27:58,0,No Click,1
41,64.24,30,59784.18,252.36,Front-line intermediate database,Zacharystad,0,Tunisia,2016-04-16 11:53:43,0,No Click,3
42,82.52,32,66572.39,198.11,Persevering exuding system engine,North Joshua,1,Turkmenistan,2016-05-08 15:38:46,0,No Click,1
43,81.38,31,64929.61,212.3,Balanced dynamic application,Bowenview,0,Saint Helena,2016-02-08 00:23:38,0,No Click,3
44,80.47,25,57519.64,204.86,Reduced global support,Jamesberg,0,Niger,2016-02-11 13:26:22,0,No Click,1
45,37.68,52,53575.48,172.83,Organic leadingedge secured line,Lake Cassandraport,1,Turkmenistan,2016-02-17 13:16:33,1,Click,3
46,69.62,20,50983.75,202.25,Business-focused encompassing neural-net,New Sharon,1,Qatar,2016-02-26 22:46:43,0,No Click,1
47,85.4,43,67058.72,198.72,Triple-buffered demand-driven alliance,Johnport,0,Sri Lanka,2016-06-08 18:54:01,0,No Click,1
48,44.33,37,52723.34,123.72,Visionary maximized process improvement,Hamiltonfort,1,Trinidad and Tobago,2016-01-08 09:32:26,1,Click,2
49,48.01,46,54286.1,119.93,Centralized 24/7 installation,West Christopher,0,Italy,2016-04-25 11:01:54,1,Click,1
50,73.18,23,61526.25,196.71,Organized static focus group,Hollandberg,1,British Virgin Islands,2016-04-04 07:07:46,0,No Click,1
51,79.94,28,58526.04,225.29,Visionary reciprocal circuit,Odomville,0,United Kingdom,2016-05-03 21:19:58,0,No Click,2
52,33.33,45,53350.11,193.58,Pre-emptive value-added workforce,East Samanthashire,1,Guinea-Bissau,2016-01-17 09:31:36,1,Click,1
53,50.33,50,62657.53,133.2,Sharable analyzing alliance,South Lauraton,1,Micronesia,2016-03-02 04:57:51,1,Click,3
54,62.31,47,62722.57,119.3,Team-oriented encompassing portal,Amandahaven,0,Turkey,2016-02-14 07:36:58,1,Click,1
55,80.6,31,67479.62,177.55,Sharable bottom-line solution,Thomasview,0,Croatia,2016-04-07 03:56:16,0,No Click,3
56,65.19,36,75254.88,150.61,Cross-group regional website,Garciaside,0,Israel,2016-02-17 11:42:00,1,Click,1
57,44.98,49,52336.64,129.31,Organized global model,Port Sarahshire,0,Svalbard & Jan Mayen Islands,2016-04-10 00:13:47,1,Click,3
58,77.63,29,56113.37,239.22,Upgradable asynchronous circuit,Port Gregory,0,Azerbaijan,2016-02-14 17:05:15,0,No Click,2
59,41.82,41,24852.9,156.36,Phased transitional instruction set,Brendachester,0,Iran,2016-05-26 22:49:47,1,Click,1
60,85.61,27,47708.42,183.43,Customer-focused empowering ability,Lake Amy,0,Burundi,2016-04-30 08:07:13,0,No Click,1
61,85.84,34,64654.66,192.93,Front-line heuristic data-warehouse,Lake Annashire,1,Saint Vincent and the Grenadines,2016-06-15 05:30:13,0,No Click,3
62,72.08,29,71228.44,169.5,Stand-alone national attitude,Smithburgh,0,Burundi,2016-03-09 14:45:33,0,No Click,1
63,86.06,32,61601.05,178.92,Focused upward-trending core,North Leonmouth,1,Bulgaria,2016-03-31 20:55:22,0,No Click,1
64,45.96,45,66281.46,141.22,Streamlined cohesive conglomeration,Robertfurt,0,Christmas Island,2016-06-03 00:55:23,1,Click,1
65,62.42,29,73910.9,198.5,Upgradable optimizing toolset,Jasminefort,1,Canada,2016-03-10 23:36:03,0,No Click,1
66,63.89,40,51317.33,105.22,Synchronized user-facing core,Jensenborough,0,Rwanda,2016-01-08 00:17:27,1,Click,2
67,35.33,32,51510.18,200.22,Organized client-driven alliance,Bradleyburgh,0,Turks and Caicos Islands,2016-06-05 22:11:34,1,Click,1
68,75.74,25,61005.87,215.25,Ergonomic multi-state structure,New Sheila,1,Tunisia,2016-01-16 11:35:01,0,No Click,2
69,78.53,34,32536.98,131.72,Synergized multimedia emulation,North Regina,0,Norfolk Island,2016-04-22 20:10:22,1,Click,1
70,46.13,31,60248.97,139.01,Customer-focused optimizing moderator,Davidmouth,0,Bouvet Island (Bouvetoya),2016-02-01 09:00:55,1,Click,1
71,69.01,46,74543.81,222.63,Advanced full-range migration,New Michaeltown,0,Turks and Caicos Islands,2016-07-07 13:37:34,0,No Click,1
72,55.35,39,75509.61,153.17,De-engineered object-oriented protocol,East Tammie,1,Cook Islands,2016-03-08 00:37:54,1,Click,1
73,33.21,43,42650.32,167.07,Polarized clear-thinking budgetary management,Wilcoxport,1,Turkey,2016-05-10 17:39:06,1,Click,3
74,38.46,42,58183.04,145.98,Customizable 6thgeneration knowledge user,East Michaelmouth,1,Guatemala,2016-04-06 11:24:21,1,Click,2
75,64.1,22,60465.72,215.93,Seamless object-oriented structure,East Tiffanyport,0,Cote d'Ivoire,2016-04-01 16:21:05,0,No Click,1
76,49.81,35,57009.76,120.06,Seamless real-time array,Ramirezhaven,1,Faroe Islands,2016-01-05 04:18:46,1,Click,1
77,82.73,33,54541.56,238.99,Grass-roots impactful system engine,Cranemouth,1,Qatar,2016-05-20 21:31:24,0,No Click,1
78,56.14,38,32689.04,113.53,Devolved tangible approach,Lake Edward,1,Ireland,2016-02-03 07:59:16,1,Click,3
79,55.13,45,55605.92,111.71,Customizable executive software,Lake Conniefurt,0,Ukraine,2016-02-17 21:55:29,1,Click,1
80,78.11,27,63296.87,209.25,Progressive analyzing attitude,East Shawnchester,1,Moldova,2016-01-30 16:10:04,0,No Click,1
81,73.46,28,65653.47,222.75,Innovative executive encoding,West Joseph,1,Nicaragua,2016-05-15 14:41:49,0,No Click,2
82,56.64,38,61652.53,115.91,Down-sized uniform info-mediaries,Lake Christopherfurt,0,Montserrat,2016-01-05 17:56:52,1,Click,1
83,68.94,54,30726.26,138.71,Streamlined next generation implementation,East Tylershire,0,Timor-Leste,2016-04-19 07:34:28,1,Click,1
84,70.79,31,74535.94,184.1,Distributed tertiary system engine,Sharpberg,0,Bouvet Island (Bouvetoya),2016-03-15 15:49:14,0,No Click,1
85,57.76,41,47861.93,105.15,Triple-buffered scalable groupware,Lake Dustin,0,Puerto Rico,2016-06-12 15:25:44,1,Click,1
86,77.51,36,73600.28,200.55,Total 5thgeneration encoding,North Kristine,0,Central African Republic,2016-07-01 04:41:57,0,No Click,1
87,52.7,34,58543.94,118.6,Integrated human-resource encoding,Grahamberg,1,Venezuela,2016-05-08 12:12:04,1,Click,2
88,57.7,34,42696.67,109.07,Phased dynamic customer loyalty,New Tina,0,Australia,2016-03-14 23:13:11,1,Click,1
89,56.89,37,37334.78,109.29,Open-source coherent policy,Nelsonfurt,1,Wallis and Futuna,2016-05-25 00:19:57,1,Click,1
90,69.9,43,71392.53,138.35,Down-sized modular intranet,Christopherport,0,Jersey,2016-05-13 11:51:10,1,Click,1
91,55.79,24,59550.05,149.67,Pre-emptive content-based focus group,Port Sarahhaven,0,Puerto Rico,2016-02-20 20:47:05,1,Click,1
92,70.03,26,64264.25,227.72,Versatile 4thgeneration system engine,Bradleyborough,1,Samoa,2016-05-22 20:49:37,0,No Click,1
93,50.08,40,64147.86,125.85,Ergonomic full-range time-frame,Whiteport,1,Greece,2016-04-10 02:02:36,1,Click,1
94,43.67,31,25686.34,166.29,Automated directional function,New Theresa,1,Antarctica (the territory South of 60 deg S),2016-02-28 06:41:44,1,Click,1
95,72.84,26,52968.22,238.63,Progressive empowering alliance,Wongland,0,Albania,2016-07-08 21:18:32,0,No Click,3
96,45.72,36,22473.08,154.02,Versatile homogeneous capacity,Williammouth,1,Hong Kong,2016-04-19 15:14:58,1,Click,1
97,39.94,41,64927.19,156.3,Function-based optimizing protocol,Williamsborough,0,Lithuania,2016-01-08 22:47:10,1,Click,1
98,35.61,46,51868.85,158.22,Up-sized secondary software,North Michael,0,Egypt,2016-03-28 08:46:26,1,Click,1
99,79.71,34,69456.83,211.65,Seamless holistic time-frame,Benjaminchester,1,Bangladesh,2016-07-02 14:57:53,0,No Click,1
100,41.49,53,31947.65,169.18,Persevering reciprocal firmware,Hernandezville,0,Western Sahara,2016-07-03 09:22:30,1,Click,2
101,63.6,23,51864.77,235.28,Centralized logistical secured line,Youngburgh,1,Serbia,2016-06-01 09:27:34,0,No Click,3
102,89.91,40,59593.56,194.23,Innovative background conglomeration,Wallacechester,0,Maldives,2016-07-09 14:55:36,0,No Click,1
103,68.18,21,48376.14,218.17,Switchable 3rdgeneration hub,Sanchezmouth,1,Czech Republic,2016-02-09 22:04:54,0,No Click,1
104,66.49,20,56884.74,202.16,Polarized 6thgeneration info-mediaries,Bradshawborough,0,Guernsey,2016-06-10 11:31:33,0,No Click,1
105,80.49,40,67186.54,229.12,Balanced heuristic approach,Amyhaven,1,Tanzania,2016-02-14 03:50:52,0,No Click,1
106,72.23,25,46557.92,241.03,Focused 24hour implementation,Marcushaven,1,Bhutan,2016-07-05 17:17:49,0,No Click,1
107,42.39,42,66541.05,150.99,De-engineered mobile infrastructure,Erinton,0,Christmas Island,2016-04-28 05:50:25,1,Click,1
108,47.53,30,33258.09,135.18,Customer-focused upward-trending contingency,Hughesport,0,Guinea,2016-04-03 05:10:31,1,Click,1
109,74.02,32,72272.9,210.54,Operative system-worthy protocol,Johnstad,0,Micronesia,2016-03-09 14:57:11,0,No Click,1
110,66.63,60,60333.38,176.98,User-friendly upward-trending intranet,New Lucasburgh,0,Madagascar,2016-01-16 23:37:51,1,Click,1
111,63.24,53,65229.13,235.78,Future-proofed holistic superstructure,Michelleside,1,Lebanon,2016-07-03 04:33:41,1,Click,1
112,71.0,22,56067.38,211.87,Extended systemic policy,Andersonton,0,Eritrea,2016-03-14 06:46:14,0,No Click,1
113,46.13,46,37838.72,123.64,Horizontal hybrid challenge,New Rachel,1,Guyana,2016-01-09 05:44:56,1,Click,2
114,69.0,32,72683.35,221.21,Virtual composite model,Port Susan,1,Trinidad and Tobago,2016-02-11 04:37:34,0,No Click,3
115,76.99,31,56729.78,244.34,Switchable mobile framework,West Angelabury,1,Jersey,2016-06-22 07:33:21,0,No Click,1
116,72.6,55,66815.54,162.95,Focused intangible moderator,Port Christopherborough,0,United Arab Emirates,2016-07-13 16:12:24,1,Click,1
117,61.88,42,60223.52,112.19,Balanced actuating moderator,Phillipsbury,1,Martinique,2016-07-23 11:46:28,1,Click,1
118,84.45,50,29727.79,207.18,Customer-focused transitional strategy,Millerside,0,Somalia,2016-07-13 04:10:53,1,Click,1
119,88.97,45,49269.98,152.49,Advanced web-enabled standardization,Lake Jessica,0,Bhutan,2016-06-11 18:32:12,1,Click,1
120,86.19,31,57669.41,210.26,Pre-emptive executive knowledgebase,Lopezmouth,1,Greece,2016-05-08 12:51:00,0,No Click,1
121,49.58,26,56791.75,231.94,Self-enabling holistic process improvement,Johnsport,0,Benin,2016-04-07 16:02:02,0,No Click,1
122,77.65,27,63274.88,212.79,Horizontal client-driven hierarchy,South Ronald,0,Papua New Guinea,2016-02-04 13:30:32,0,No Click,1
123,37.75,36,35466.8,225.24,Polarized dynamic throughput,South Daniel,0,Uzbekistan,2016-02-26 19:48:23,1,Click,3
124,62.33,43,68787.09,127.11,Devolved zero administration intranet,Suzannetown,0,South Africa,2016-06-21 13:15:21,1,Click,1
125,79.57,31,61227.59,230.93,User-friendly asymmetric info-mediaries,Lisaberg,0,Egypt,2016-05-17 04:27:31,0,No Click,2
126,80.31,44,56366.88,127.07,Cross-platform regional task-force,Brianfurt,0,Hungary,2016-04-18 15:54:33,1,Click,3
127,89.05,45,57868.44,206.98,Polarized bandwidth-monitored moratorium,Stewartbury,0,Falkland Islands (Malvinas),2016-04-03 10:07:56,0,No Click,1
128,70.41,27,66618.21,223.03,Centralized systematic knowledgebase,Benjaminchester,0,Dominica,2016-04-04 21:30:46,0,No Click,3
129,67.36,37,73104.47,233.56,Future-proofed grid-enabled implementation,North Wesleychester,0,Jersey,2016-07-06 16:00:33,0,No Click,1
130,46.98,50,21644.91,175.37,Down-sized well-modulated archive,East Michelleberg,0,Lithuania,2016-05-04 09:00:24,1,Click,1
131,41.67,36,53817.02,132.55,Realigned zero tolerance emulation,Port Eric,0,Saint Martin,2016-06-13 18:50:00,1,Click,1
132,51.24,36,76368.31,176.73,Versatile transitional monitoring,Timothyfurt,0,Cuba,2016-01-03 16:01:40,1,Click,1
133,75.7,29,67633.44,215.44,Profound zero administration instruction set,Port Jeffrey,0,United States Minor Outlying Islands,2016-01-14 00:23:10,0,No Click,1
134,43.49,47,50335.46,127.83,User-centric intangible task-force,Guzmanland,0,Belize,2016-01-12 10:07:29,1,Click,1
135,49.89,39,17709.98,160.03,Enhanced system-worthy application,East Michele,1,Belize,2016-04-16 12:09:25,1,Click,1
136,38.37,36,41229.16,140.46,Multi-layered user-facing paradigm,East John,0,Antarctica (the territory South of 60 deg S),2016-05-13 06:09:28,1,Click,2
137,38.52,38,42581.23,137.28,Customer-focused 24/7 concept,Lesliebury,1,Saint Vincent and the Grenadines,2016-03-27 23:59:06,1,Click,1
138,71.89,23,61617.98,172.81,Function-based transitional complexity,Patriciahaven,1,Kuwait,2016-02-03 23:47:56,0,No Click,1
139,75.8,38,70575.6,146.19,Progressive clear-thinking open architecture,Ashleychester,1,Thailand,2016-04-18 11:23:05,0,No Click,3
140,83.86,31,64122.36,190.25,Up-sized executive moderator,Lake Josetown,0,Gibraltar,2016-02-05 19:06:01,0,No Click,1
141,37.51,30,52097.32,163.0,Re-contextualized optimal service-desk,Debraburgh,1,Holy See (Vatican City State),2016-03-21 18:46:41,1,Click,3
142,55.6,44,65953.76,124.38,Fully-configurable neutral open system,New Debbiestad,1,Korea,2016-06-14 11:59:58,1,Click,3
143,83.67,44,60192.72,234.26,Upgradable system-worthy array,West Shaun,1,Saint Helena,2016-02-06 23:08:57,0,No Click,3
144,69.08,41,77460.07,210.6,Ergonomic client-driven application,Kimberlyhaven,0,Turks and Caicos Islands,2016-03-12 01:39:19,0,No Click,1
145,37.47,44,45716.48,141.89,Realigned content-based leverage,Port Lawrence,1,Czech Republic,2016-01-26 03:56:18,1,Click,1
146,56.04,49,65120.86,128.95,Decentralized real-time circuit,West Ricardo,1,Netherlands,2016-02-07 08:02:31,1,Click,1
147,70.92,41,49995.63,108.16,Polarized modular function,Lake Jose,1,Belarus,2016-05-05 07:58:22,1,Click,1
148,49.78,46,71718.51,152.24,Enterprise-wide client-driven contingency,Heatherberg,0,Dominica,2016-06-29 02:43:29,1,Click,1
149,68.61,57,61770.34,150.29,Diverse modular interface,South George,0,South Africa,2016-04-10 19:48:01,1,Click,1
150,58.18,25,69112.84,176.28,Polarized analyzing concept,Tinachester,1,New Zealand,2016-02-10 06:37:56,0,No Click,1
151,78.54,35,72524.86,172.1,Multi-channeled asynchronous open system,Port Jodi,0,Togo,2016-05-28 20:41:50,0,No Click,2
152,37.0,48,36782.38,158.22,Function-based context-sensitive secured line,Jonathantown,1,Kenya,2016-03-24 06:36:52,1,Click,3
153,65.4,33,66699.12,247.31,Adaptive 24hour Graphic Interface,Sylviaview,0,Palau,2016-02-12 22:51:08,0,No Click,2
154,79.52,27,64287.78,183.48,Automated coherent flexibility,East Timothyport,1,Timor-Leste,2016-06-10 10:11:00,0,No Click,1
155,87.98,38,56637.59,222.11,Focused scalable complexity,West Roytown,1,Cambodia,2016-03-31 10:44:46,0,No Click,1
156,44.64,36,55787.58,127.01,Up-sized incremental encryption,Codyburgh,0,Belize,2016-02-14 06:51:43,1,Click,1
157,41.73,28,61142.33,202.18,Sharable dedicated Graphic Interface,Port Erikhaven,1,Cuba,2016-01-07 19:16:05,1,Click,1
158,80.46,27,61625.87,207.96,Digitized zero administration paradigm,Port Chasemouth,1,Costa Rica,2016-02-04 02:13:52,0,No Click,1
159,75.55,36,73234.87,159.24,Managed grid-enabled standardization,Ramirezside,0,Liechtenstein,2016-05-09 02:58:58,1,Click,1
160,76.32,35,74166.24,195.31,Networked foreground definition,East Michaeltown,1,Korea,2016-06-23 00:16:02,0,No Click,3
161,82.68,33,62669.59,222.77,Re-engineered exuding frame,West Courtney,1,Ukraine,2016-06-20 09:35:02,0,No Click,1
162,72.01,31,57756.89,251.0,Horizontal multi-state interface,West Michaelhaven,0,Angola,2016-02-29 12:31:57,0,No Click,2
163,75.83,24,58019.64,162.44,Diverse stable circuit,Walshhaven,0,Nauru,2016-01-17 15:10:31,0,No Click,2
164,41.28,50,50960.08,140.39,Universal 24/7 implementation,East Rachelview,0,Equatorial Guinea,2016-01-29 03:54:19,1,Click,1
165,34.66,32,48246.6,194.83,Customer-focused multi-tasking Internet solution,Curtisport,0,Mongolia,2016-07-14 12:07:10,1,Click,1
166,66.18,55,28271.84,143.42,Vision-oriented contextually-based extranet,Frankbury,0,Svalbard & Jan Mayen Islands,2016-01-10 23:14:30,1,Click,1
167,86.06,31,53767.12,219.72,Extended local methodology,Timothytown,1,Timor-Leste,2016-04-28 18:34:56,0,No Click,3
168,59.59,42,43662.1,104.78,Re-engineered demand-driven capacity,Samanthaland,1,Brazil,2016-07-06 18:36:01,1,Click,1
169,86.69,34,62238.58,198.56,Customer-focused attitude-oriented instruction set,South Jennifer,0,Chad,2016-05-27 06:19:27,0,No Click,1
170,43.77,52,49030.03,138.55,Synergized hybrid time-frame,Kyleborough,1,Portugal,2016-01-25 07:39:41,1,Click,1
171,71.84,47,76003.47,199.79,Advanced exuding conglomeration,North Randy,1,Malawi,2016-05-08 22:47:18,0,No Click,1
172,80.23,31,68094.85,196.23,Secured clear-thinking middleware,South Daniellefort,0,Qatar,2016-03-19 14:23:45,0,No Click,3
173,74.41,26,64395.85,163.05,Right-sized value-added initiative,Dianashire,0,Singapore,2016-07-23 04:37:05,0,No Click,1
174,63.36,48,70053.27,137.43,Centralized tertiary pricing structure,East Eric,0,Guinea,2016-06-23 01:22:43,1,Click,2
175,71.74,35,72423.97,227.56,Multi-channeled reciprocal artificial intelligence,Hammondport,0,Kazakhstan,2016-07-19 18:06:22,0,No Click,2
176,60.72,44,42995.8,105.69,Synergized context-sensitive database,Jacobstad,0,Kuwait,2016-02-28 18:52:44,1,Click,3
177,72.04,22,60309.58,199.43,Realigned systematic function,Hernandezfort,0,Rwanda,2016-02-10 06:52:07,0,No Click,1
178,44.57,31,38349.78,133.17,Adaptive context-sensitive application,Joneston,1,China,2016-03-27 09:11:10,1,Click,3
179,85.86,34,63115.34,208.23,Networked high-level structure,New Jeffreychester,0,Bouvet Island (Bouvetoya),2016-05-23 02:15:04,0,No Click,1
180,39.85,38,31343.39,145.96,Profit-focused dedicated utilization,East Stephen,0,Vietnam,2016-01-03 03:22:15,1,Click,1
181,84.53,27,40763.13,168.34,Stand-alone tangible moderator,Turnerchester,0,Guatemala,2016-01-04 21:48:38,1,Click,2
182,62.95,60,36752.24,157.04,Polarized tangible collaboration,Youngfort,0,Peru,2016-05-24 13:30:38,1,Click,3
183,67.58,41,65044.59,255.61,Focused high-level conglomeration,Ingramberg,1,Mayotte,2016-02-01 19:42:40,0,No Click,1
184,85.56,29,53673.08,210.46,Advanced modular Local Area Network,South Denisefurt,0,Samoa,2016-06-05 13:16:24,0,No Click,1
185,46.88,54,43444.86,136.64,Virtual scalable secured line,Port Melissaberg,0,Singapore,2016-02-04 08:53:37,1,Click,3
186,46.31,57,44248.52,153.98,Front-line fault-tolerant intranet,Bernardton,1,Jamaica,2016-03-24 13:37:53,1,Click,3
187,77.95,31,62572.88,233.65,Inverse asymmetric instruction set,Port Mathew,1,Bahamas,2016-06-02 21:02:22,0,No Click,1
188,84.73,30,39840.55,153.76,Synchronized leadingedge help-desk,Aliciatown,0,Canada,2016-02-21 07:42:48,1,Click,3
189,39.86,36,32593.59,145.85,Total 5thgeneration standardization,Josephstad,0,Algeria,2016-06-26 17:16:26,1,Click,1
190,50.08,30,41629.86,123.91,Sharable grid-enabled matrix,West Ericfurt,0,Fiji,2016-01-03 05:34:33,1,Click,1
191,60.23,35,43313.73,106.86,Balanced asynchronous hierarchy,New Brendafurt,0,Kenya,2016-03-08 18:00:43,1,Click,1
192,60.7,49,42993.48,110.57,Monitored object-oriented Graphic Interface,Port Julie,1,Argentina,2016-06-19 03:19:44,1,Click,1
193,43.67,53,46004.31,143.79,Cloned analyzing artificial intelligence,South Tiffanyton,1,Bouvet Island (Bouvetoya),2016-07-21 21:16:35,1,Click,1
194,77.2,33,49325.48,254.05,Persistent homogeneous framework,North Elizabeth,1,Philippines,2016-02-12 20:36:40,0,No Click,1
195,71.86,32,51633.34,116.53,Face-to-face even-keeled website,Kentmouth,0,Senegal,2016-05-17 06:14:20,1,Click,3
196,44.78,45,63363.04,137.24,Extended context-sensitive monitoring,West Casey,1,Suriname,2016-07-09 11:04:54,1,Click,3
197,78.57,36,64045.93,239.32,Exclusive client-driven model,East Henry,1,Liberia,2016-03-27 02:35:29,0,No Click,1
198,73.41,31,73049.3,201.26,Profound executive flexibility,Hollyfurt,1,Guam,2016-01-16 08:01:40,0,No Click,1
199,77.05,27,66624.6,191.14,Reduced bi-directional strategy,North Anna,0,United Arab Emirates,2016-01-21 23:48:29,0,No Click,3
200,66.4,40,77567.85,214.42,Digitized heuristic solution,Port Destiny,0,Antigua and Barbuda,2016-06-05 00:29:13,0,No Click,1
201,69.35,29,53431.35,252.77,Seamless 4thgeneration contingency,Ianmouth,1,Argentina,2016-02-13 15:37:36,0,No Click,1
202,35.65,40,31265.75,172.58,Seamless intangible secured line,North Johntown,1,Georgia,2016-05-10 07:22:37,1,Click,3
203,70.04,31,74780.74,183.85,Intuitive radical forecast,Hannahside,1,Jordan,2016-03-27 03:59:26,0,No Click,1
204,69.78,29,70410.11,218.79,Multi-layered non-volatile Graphical User Interface,Wilsonburgh,0,Saudi Arabia,2016-05-24 18:35:58,0,No Click,2
205,58.22,29,37345.24,120.9,User-friendly client-server instruction set,North Russellborough,0,South Africa,2016-02-11 02:40:02,1,Click,1
206,76.9,28,66107.84,212.67,Synchronized multimedia model,Murphymouth,0,Croatia,2016-04-22 08:31:24,0,No Click,2
207,84.08,30,62336.39,187.36,Face-to-face intermediate approach,Carterburgh,1,Fiji,2016-01-13 02:58:27,0,No Click,3
208,59.51,58,39132.64,140.83,Assimilated fault-tolerant hub,Penatown,0,Australia,2016-06-16 02:01:24,1,Click,3
209,40.15,38,38745.29,134.88,Exclusive disintermediate task-force,Joechester,1,Sao Tome and Principe,2016-06-27 18:37:04,1,Click,1
210,76.81,28,65172.22,217.85,Managed zero tolerance concept,East Paul,1,Fiji,2016-07-03 12:57:03,0,No Click,1
211,41.89,38,68519.96,163.38,Compatible systemic function,Hartmanchester,0,Cyprus,2016-02-03 04:21:14,1,Click,1
212,76.87,27,54774.77,235.35,Configurable fault-tolerant monitoring,Mcdonaldfort,1,Kyrgyz Republic,2016-05-29 21:17:10,0,No Click,3
213,67.28,43,76246.96,155.8,Future-proofed coherent hardware,North Mercedes,1,Pakistan,2016-04-03 21:13:46,1,Click,1
214,81.98,40,65461.92,229.22,Ameliorated upward-trending definition,Taylorberg,0,Seychelles,2016-04-15 11:51:14,0,No Click,1
215,66.01,23,34127.21,151.95,Front-line tangible alliance,Hansenmouth,0,Samoa,2016-06-21 03:14:41,1,Click,3
216,61.57,53,35253.98,125.94,Progressive 24hour forecast,Bradyfurt,1,Bulgaria,2016-03-14 14:13:05,1,Click,1
217,53.3,34,44893.71,111.94,Self-enabling optimal initiative,West Jessicahaven,0,Mauritania,2016-05-06 21:07:31,1,Click,1
218,34.87,40,59621.02,200.23,Configurable logistical Graphical User Interface,Davilachester,0,Czech Republic,2016-06-12 17:52:43,1,Click,2
219,43.6,38,20856.54,170.49,Virtual bandwidth-monitored initiative,North Ricardotown,0,Chile,2016-01-11 07:36:22,1,Click,1
220,77.88,37,55353.41,254.57,Multi-tiered human-resource structure,Melissafurt,0,Poland,2016-07-02 00:24:22,0,No Click,2
221,75.83,27,67516.07,200.59,Managed upward-trending instruction set,East Brianberg,0,Estonia,2016-03-04 10:13:48,0,No Click,1
222,49.95,39,68737.75,136.59,Cloned object-oriented benchmark,Millerbury,0,Turkmenistan,2016-03-24 09:12:52,1,Click,1
223,60.94,41,76893.84,154.97,Fundamental fault-tolerant neural-net,Garciaview,0,Latvia,2016-02-14 07:30:24,1,Click,3
224,89.15,42,59886.58,171.07,Phased zero administration success,Townsendfurt,0,Fiji,2016-04-25 07:30:21,0,No Click,1
225,78.7,30,53441.69,133.99,Compatible intangible customer loyalty,Williamstad,0,Turkey,2016-02-10 19:20:51,1,Click,1
226,57.35,29,41356.31,119.84,Distributed 3rdgeneration definition,West Connor,0,Kazakhstan,2016-04-23 14:34:38,1,Click,1
227,34.86,38,49942.66,154.75,Pre-emptive cohesive budgetary management,West Justin,0,Bahrain,2016-06-18 17:56:32,1,Click,1
228,70.68,31,74430.08,199.08,Configurable multi-state utilization,Robertbury,0,Colombia,2016-07-17 01:58:53,0,No Click,2
229,76.06,23,58633.63,201.04,Diverse multi-tasking parallelism,New Tinamouth,0,Brunei Darussalam,2016-04-27 04:28:17,0,No Click,2
230,66.67,33,72707.87,228.03,Horizontal content-based synergy,Turnerview,1,Taiwan,2016-04-21 20:29:35,0,No Click,1
231,46.77,32,31092.93,136.4,Multi-tiered maximized archive,Reneechester,1,Serbia,2016-03-23 06:00:15,1,Click,2
232,62.42,38,74445.18,143.94,Diverse executive groupware,West Tinashire,0,Saint Pierre and Miquelon,2016-07-19 07:59:18,1,Click,1
233,78.32,28,49309.14,239.52,Synergized cohesive array,Jamesfurt,0,Australia,2016-06-26 11:52:18,1,Click,3
234,37.32,50,56735.14,199.25,Versatile dedicated software,New Nancy,1,Chad,2016-03-30 23:40:52,1,Click,1
235,40.42,45,40183.75,133.9,Stand-alone reciprocal synergy,Lisamouth,1,Norway,2016-03-16 07:59:37,1,Click,1
236,76.77,36,58348.41,123.51,Universal even-keeled analyzer,Harveyport,0,Turks and Caicos Islands,2016-05-04 00:01:33,1,Click,3
237,65.65,30,72209.99,158.05,Up-sized tertiary contingency,Ramosstad,0,Finland,2016-07-02 21:22:23,0,No Click,1
238,74.32,33,62060.11,128.17,Monitored real-time superstructure,North Kevinside,0,South Africa,2016-05-23 21:14:38,1,Click,1
239,73.27,32,67113.46,234.75,Streamlined analyzing initiative,Haleview,1,Martinique,2016-01-29 20:16:54,0,No Click,1
240,80.03,44,24030.06,150.84,Automated static concept,Christinetown,0,Afghanistan,2016-07-23 14:47:23,1,Click,2
241,53.68,47,56180.93,115.26,Operative stable moderator,New Michael,1,Micronesia,2016-02-16 09:11:27,1,Click,2
242,85.84,32,62204.93,192.85,Up-sized 6thgeneration moratorium,Jonesland,1,French Southern Territories,2016-06-09 21:43:05,0,No Click,1
243,85.03,30,60372.64,204.52,Expanded clear-thinking core,North Shannon,0,Philippines,2016-06-19 09:24:35,0,No Click,3
244,70.44,24,65280.16,178.75,Polarized attitude-oriented superstructure,New Sonialand,1,Algeria,2016-06-06 21:26:51,0,No Click,1
245,81.22,53,34309.24,223.09,Networked coherent interface,Port Jason,1,San Marino,2016-01-07 13:25:21,0,No Click,1
246,39.96,45,59610.81,146.13,Enhanced homogeneous moderator,East Barbara,1,Guernsey,2016-04-15 06:08:35,1,Click,1
247,57.05,41,50278.89,269.96,Seamless full-range website,Port Erinberg,1,Sierra Leone,2016-01-09 03:45:19,1,Click,1
248,42.44,56,43450.11,168.27,Profit-focused attitude-oriented task-force,Petersonfurt,0,Tajikistan,2016-02-10 15:23:17,1,Click,1
